action_date,action_time,rule_name,condition_name,action_name,account_id,adset_id,campaign_id,old_budget,new_budget,set_budget,response,spend_at_action,total_spend_at_action,total_days_at_action,today_roi_at_action,current_budget_from_fb,last_3_days_revenue_at_action,last_3_days_total_roi_at_action,today_rpc_at_action,today_cpa_at_action,last_3_days_spend_at_action,last_3_days_roi_at_action,budget_level,rule_id,condition_id,action_id
2026-06-12,2026-06-12T17:00:08.000Z,Turn OFF | Total Days >= 5 | OWN RSOC,Turn OFF | Total Days >= 5 | OWN RSOC ,Turn OFF,9913405683583663,31626016833981,31237106436763,39.5986,31.6738,,SUCCESS,20.9677,787.4635,15,-0.18,31.6738,937.4505,0.19,3.0099,3.4925,203.7461,-0.11,adset,R01,C01,A01
2026-06-12,2026-06-12T16:30:06.000Z,Turn OFF | Total Days >= 5 | OWN RSOC,Turn OFF | Total Days >= 5 | OWN RSOC ,Turn OFF,9913405683583663,31626016833981,31237106436763,39.5986,31.6738,,SUCCESS,20.2819,786.7777,15,-0.15,31.6738,937.4505,0.19,3.0099,3.3782,203.7461,-0.11,adset,R01,C01,A01
2026-06-12,2026-06-12T15:00:05.000Z,Budget Decrease | OWN RSOC | -30 < ROI <= -10,Budget Decrease | OWN RSOC | -30 < ROI <= -10,Decrease -20% (min 9),9913405683583663,31626016833981,31237106436763,66.0019,39.5986,31.6789,SUCCESS,19.4183,785.9141,15,-0.12,39.5986,937.4505,0.19,3.0099,3.2385,203.7461,-0.11,adset,R02,C02,A02
2026-06-12,2026-06-12T14:00:03.000Z,Budget Decrease | OWN RSOC | -30 < ROI <= -10,Budget Decrease | OWN RSOC | -30 < ROI <= -10,Decrease -20% (min 9),9913405683583663,31626016833981,31237106436763,66.0019,39.5986,,"""No budget to change""",19.2278,785.7236,15,-0.11,,937.4505,0.19,3.0099,3.2004,203.7461,-0.11,,R02,C02,A02
2026-06-12,2026-06-12T05:00:06.000Z,Turn Off | positive_days = 0 | total_days > 2 | OWN RSOC,Turn Off | positive_days = 0 |  total_days > 2 | OWN RSOC,Turn OFF,9913405683583663,31166928670267,31132608008707,1.27,1.27,,SUCCESS,0.0127,0.0381,4,-1.0,1.27,0.0007,-0.98,,,0.0254,-0.97,adset,R03,C03,A03
2026-06-12,2026-06-12T04:30:06.000Z,Turn Off | positive_days = 0 | total_days > 2 | OWN RSOC,Turn Off | positive_days = 0 |  total_days > 2 | OWN RSOC,Turn OFF,9913405683583663,31166928670267,31132608008707,1.27,1.27,,SUCCESS,0.0127,0.0381,4,-1.0,1.27,0.0007,-0.98,,,0.0254,-0.97,adset,R03,C03,A03
2026-06-12,2026-06-12T03:00:06.000Z,Budget Decrease | OWN RSOC | -30 < ROI <= -10,Budget Decrease | OWN RSOC | -30 < ROI <= -10,Decrease -20% (min 9),9913405683583663,31243712380589,31307573495491,6.35,12.7,10.16,SUCCESS,3.4417,34.9377,8,-0.21,12.7,45.7505,0.31,0.1651,0.2032,17.3101,0.28,adset,R02,C02,A02
2026-06-12,2026-06-11T23:30:08.000Z,Turn OFF | Total Days >= 5 | OWN RSOC,Turn OFF | Total Days >= 5 | OWN RSOC ,Turn OFF,9913405683583663,31191755212537,31719759393357,12.7,10.16,,SUCCESS,8.382,415.97580000000005,10,-0.47,10.16,524.3208,0.26,0.254,0.4699,201.39659999999998,0.05,adset,R01,C01,A01
2026-06-11,2026-06-11T14:00:08.000Z,Turn Off - OWN RSOC | Total Days = 1 | budget > 35%| ROI < -50%,Turn Off - OWN RSOC | Total Days = 1 | budget_usage_today > 35% | ROI < -50%,Turn OFF,9913405683583663,31200641544594,31316241805824,1.27,1.27,,SUCCESS,0.4445,0.4445,1,-1.0,1.27,,-1.0,,,,,campaign,R04,C04,A04
2026-06-11,2026-06-11T14:00:08.000Z,Turn Off - OWN RSOC | Total Days = 1 | budget > 35%| ROI < -50%,Turn Off - OWN RSOC | Total Days = 1 | budget_usage_today > 35% | ROI < -50%,Turn OFF,9913405683583663,31886594280574,31267312423963,1.27,1.27,,SUCCESS,0.4445,0.4445,1,-1.0,1.27,,-1.0,,,,,campaign,R04,C04,A04
2026-06-11,2026-06-11T13:45:08.000Z,Turn Off - OWN RSOC | Total Days = 1 | budget > 35%| ROI < -50%,Turn Off - OWN RSOC | Total Days = 1 | budget_usage_today > 35% | ROI < -50%,Turn OFF,9913405683583663,31886594280574,31267312423963,1.27,1.27,,SUCCESS,0.4445,0.4445,1,-1.0,1.27,,-1.0,,,,,campaign,R04,C04,A04
2026-06-11,2026-06-11T13:45:08.000Z,Turn Off - OWN RSOC | Total Days = 1 | budget > 35%| ROI < -50%,Turn Off - OWN RSOC | Total Days = 1 | budget_usage_today > 35% | ROI < -50%,Turn OFF,9913405683583663,31200641544594,31316241805824,1.27,1.27,,SUCCESS,0.4445,0.4445,1,-1.0,1.27,,-1.0,,,,,campaign,R04,C04,A04
2026-06-11,2026-06-11T12:01:17.000Z,Turn Off | positive_days = 0 | total_days > 2 | OWN RSOC,Turn Off | positive_days = 0 |  total_days > 2 | OWN RSOC,Turn OFF,9913405683583663,31155637096434,31306304373683,1.27,1.27,,SUCCESS,0.0254,0.1016,5,-1.0,1.27,,-1.0,,,,,adset,R03,C03,A03
2026-06-11,2026-06-11T11:30:05.000Z,Turn Off | positive_days = 0 | total_days > 2 | OWN RSOC,Turn Off | positive_days = 0 |  total_days > 2 | OWN RSOC,Turn OFF,9913405683583663,31155637096434,31306304373683,1.27,1.27,,SUCCESS,0.0254,0.1016,5,-1.0,1.27,,-1.0,,,,,adset,R03,C03,A03
2026-06-11,2026-06-11T11:30:04.000Z,Budget Decrease | OWN RSOC | -30 < ROI <= -10,Budget Decrease | OWN RSOC | -30 < ROI <= -10,Decrease -20% (min 9),9913405683583663,31273956645572,31244041296905,8.001,13.6017,10.8814,SUCCESS,8.5471,81.915,9,-0.14,13.6017,99.6328,0.22,0.9652,1.0668,30.9499,0.07,adset,R02,C02,A02
2026-06-11,2026-06-11T09:30:09.000Z,Turn Off | OWN RSOC | Total Profit <= -2.5$ | budget_usage_today >= 15%,Turn Off | OWN RSOC | Today_profit <= -1$ | budget_usage_today >= 15%,Turn OFF,9913405683583663,31818629447720,31203755307799,5.08,5.08,,SUCCESS,3.0353,5.1435,2,-0.44,5.08,3.8729,-0.25,0.0889,0.1397,2.1082,0.02,campaign,R05,C05,A05
2026-06-11,2026-06-11T09:30:07.000Z,Turn Off | today_profit <=  -1.25 $| total_days <= 3 | total profit <=-4$ | OWN RSOC,Turn Off | today_profit <=  -1.25 $| total_days <= 3 | total_profit <= -3| OWN RSOC,Turn OFF,9913405683583663,31818629447720,31203755307799,5.08,5.08,,SUCCESS,3.0353,5.1435,2,-0.44,5.08,3.8729,-0.25,0.0889,0.1397,2.1082,0.02,campaign,R06,C06,A06
2026-06-11,2026-06-11T06:00:03.000Z,Budget Decrease | OWN RSOC | -30 < ROI <= -10,Budget Decrease | OWN RSOC | -30 < ROI <= -10,Decrease -20% (min 9),9913405683583663,31191755212537,31719759393357,7.62,12.7,8.128,"""No budget to change""",23.9268,361.7214,9,-0.24,10.16,501.5904,0.39,0.8001,1.0033,173.355,0.19,adset,R02,C02,A02
2026-06-11,2026-06-11T05:30:07.000Z,Budget Decrease | OWN RSOC | -30 < ROI <= -10,Budget Decrease | OWN RSOC | -30 < ROI <= -10,Decrease -20% (min 9),9913405683583663,31191755212537,31719759393357,7.62,12.7,10.16,SUCCESS,22.479,360.2736,9,-0.2,12.7,501.51779999999997,0.39,0.7874,0.9398,173.355,0.19,adset,R02,C02,A02
2026-06-11,2026-06-11T02:30:03.000Z,Budget Decrease | OWN RSOC | -50 <= ROI | Budget > 65$,Budget Decrease | OWN RSOC | -50 <= ROI | Budget > 65$,Decrease -40% (min 9),9913405683583663,31626016833981,31237106436763,82.5119,66.0019,39.6011,SUCCESS,15.4305,728.345,14,-0.51,66.0019,865.8085,0.19,2.6543,5.1435,234.1245,-0.1,adset,R07,C07,A07
2026-06-11,2026-06-11T02:00:08.000Z,Turn OFF | Total Days >= 5 | OWN RSOC,Turn OFF | Total Days >= 5 | OWN RSOC ,Turn OFF,9913405683583663,31167350331032,31387795704999,6.35,3.175,,SUCCESS,0.7112,30.0863,6,-1.0,3.175,32.105,0.07,,,19.6469,-0.58,adset,R01,C01,A01
2026-06-11,2026-06-10T23:00:07.000Z,Turn Off | OWN RSOC | Total Profit <= -2.5$ | budget_usage_today >= 15%,Turn Off | OWN RSOC | Today_profit <= -1$ | budget_usage_today >= 15%,Turn OFF,9913405683583663,31278865310814,31294699045939,1.27,3.81,,SUCCESS,0.254,2.6035,2,-1.0,3.81,1.2668,-0.51,,,2.3495,-0.46,adset,R05,C05,A05
2026-06-10,2026-06-10T19:30:05.000Z,Budget Decrease | OWN RSOC | -30 < ROI <= -10,Budget Decrease | OWN RSOC | -30 < ROI <= -10,Decrease -20% (min 9),9913405683583663,31626016833981,31237106436763,103.1367,82.5119,66.0095,SUCCESS,58.8264,703.6816,13,-0.1,82.5119,853.6591,0.21,2.1336,2.2606,283.5275,-0.05,adset,R02,C02,A02
2026-06-10,2026-06-10T18:30:07.000Z,Turn Off | positive_days = 0 | total_days > 2 | OWN RSOC,Turn Off | positive_days = 0 |  total_days > 2 | OWN RSOC,Turn OFF,9913405683583663,31216242520025,31224844868865,1.27,1.27,,SUCCESS,0.0127,0.0127,5,-1.0,1.27,,-1.0,,,,,adset,R03,C03,A03
2026-06-10,2026-06-10T17:00:11.000Z,Turn Off - OWN RSOC | Total Days = 1 | budget > 35%| ROI < -50%,Turn Off - OWN RSOC | Total Days = 1 | budget_usage_today > 35% | ROI < -50%,Turn OFF,9913405683583663,31142755508350,31267314582953,1.27,1.27,,SUCCESS,0.4826,0.4826,1,-1.0,1.27,,-1.0,,,,,adset,R04,C04,A04
2026-06-10,2026-06-10T17:00:11.000Z,Turn Off - OWN RSOC | Total Days = 1 | budget > 35%| ROI < -50%,Turn Off - OWN RSOC | Total Days = 1 | budget_usage_today > 35% | ROI < -50%,Turn OFF,9913405683583663,31264368174916,31187980269415,1.27,1.27,,SUCCESS,1.2573,1.2573,1,-1.0,1.27,,-1.0,,,,,adset,R04,C04,A04
2026-06-10,2026-06-10T17:00:11.000Z,Turn Off - OWN RSOC | Total Days = 1 | budget > 35%| ROI < -50%,Turn Off - OWN RSOC | Total Days = 1 | budget_usage_today > 35% | ROI < -50%,Turn OFF,9913405683583663,31107075634783,31217867413223,1.27,1.27,,SUCCESS,1.1684,1.1684,1,-1.0,1.27,,-1.0,,,,,adset,R04,C04,A04
2026-06-10,2026-06-10T17:00:11.000Z,Turn Off - OWN RSOC | Total Days = 1 | budget > 35%| ROI < -50%,Turn Off - OWN RSOC | Total Days = 1 | budget_usage_today > 35% | ROI < -50%,Turn OFF,9913405683583663,31315513289109,31329010957742,1.27,1.27,,SUCCESS,0.9525,0.9525,1,-1.0,1.27,,-1.0,,,,,adset,R04,C04,A04
2026-06-10,2026-06-10T17:00:11.000Z,Turn Off - OWN RSOC | Total Days = 1 | budget > 35%| ROI < -50%,Turn Off - OWN RSOC | Total Days = 1 | budget_usage_today > 35% | ROI < -50%,Turn OFF,9913405683583663,31887606876383,31109313511826,1.27,1.27,,SUCCESS,1.4478,1.4478,1,-0.53,1.27,0.6756,-0.53,0.7112,1.4478,,,adset,R04,C04,A04
2026-06-10,2026-06-10T16:45:15.000Z,Turn Off - OWN RSOC | Total Days = 1 | budget > 35%| ROI < -50%,Turn Off - OWN RSOC | Total Days = 1 | budget_usage_today > 35% | ROI < -50%,Turn OFF,9913405683583663,31887606876383,31109313511826,1.27,1.27,,SUCCESS,1.4478,1.4478,1,-0.53,1.27,0.6756,-0.53,0.7112,1.4478,,,adset,R04,C04,A04
2026-06-10,2026-06-10T16:45:15.000Z,Turn Off - OWN RSOC | Total Days = 1 | budget > 35%| ROI < -50%,Turn Off - OWN RSOC | Total Days = 1 | budget_usage_today > 35% | ROI < -50%,Turn OFF,9913405683583663,31142755508350,31267314582953,1.27,1.27,,SUCCESS,0.4826,0.4826,1,-1.0,1.27,,-1.0,,,,,adset,R04,C04,A04
2026-06-10,2026-06-10T16:45:15.000Z,Turn Off - OWN RSOC | Total Days = 1 | budget > 35%| ROI < -50%,Turn Off - OWN RSOC | Total Days = 1 | budget_usage_today > 35% | ROI < -50%,Turn OFF,9913405683583663,31264368174916,31187980269415,1.27,1.27,,SUCCESS,1.2573,1.2573,1,-1.0,1.27,,-1.0,,,,,adset,R04,C04,A04
2026-06-10,2026-06-10T16:45:15.000Z,Turn Off - OWN RSOC | Total Days = 1 | budget > 35%| ROI < -50%,Turn Off - OWN RSOC | Total Days = 1 | budget_usage_today > 35% | ROI < -50%,Turn OFF,9913405683583663,31107075634783,31217867413223,1.27,1.27,,SUCCESS,1.1684,1.1684,1,-1.0,1.27,,-1.0,,,,,adset,R04,C04,A04
2026-06-10,2026-06-10T16:45:15.000Z,Turn Off - OWN RSOC | Total Days = 1 | budget > 35%| ROI < -50%,Turn Off - OWN RSOC | Total Days = 1 | budget_usage_today > 35% | ROI < -50%,Turn OFF,9913405683583663,31315513289109,31329010957742,1.27,1.27,,SUCCESS,0.9525,0.9525,1,-1.0,1.27,,-1.0,,,,,adset,R04,C04,A04
2026-06-10,2026-06-10T16:30:18.000Z,Turn Off - OWN RSOC | Total Days = 1 | budget > 35%| ROI < -50%,Turn Off - OWN RSOC | Total Days = 1 | budget_usage_today > 35% | ROI < -50%,Turn OFF,9913405683583663,31315513289109,31329010957742,1.27,1.27,,SUCCESS,0.9398,0.9398,1,-1.0,1.27,,-1.0,,,,,adset,R04,C04,A04
2026-06-10,2026-06-10T16:30:18.000Z,Turn Off - OWN RSOC | Total Days = 1 | budget > 35%| ROI < -50%,Turn Off - OWN RSOC | Total Days = 1 | budget_usage_today > 35% | ROI < -50%,Turn OFF,9913405683583663,31264368174916,31187980269415,1.27,1.27,,SUCCESS,1.2319,1.2319,1,-1.0,1.27,,-1.0,,,,,adset,R04,C04,A04
2026-06-10,2026-06-10T16:30:18.000Z,Turn Off - OWN RSOC | Total Days = 1 | budget > 35%| ROI < -50%,Turn Off - OWN RSOC | Total Days = 1 | budget_usage_today > 35% | ROI < -50%,Turn OFF,9913405683583663,31142755508350,31267314582953,1.27,1.27,,SUCCESS,0.4572,0.4572,1,-1.0,1.27,,-1.0,,,,,adset,R04,C04,A04
2026-06-10,2026-06-10T16:30:18.000Z,Turn Off - OWN RSOC | Total Days = 1 | budget > 35%| ROI < -50%,Turn Off - OWN RSOC | Total Days = 1 | budget_usage_today > 35% | ROI < -50%,Turn OFF,9913405683583663,31107075634783,31217867413223,1.27,1.27,,SUCCESS,1.1684,1.1684,1,-1.0,1.27,,-1.0,,,,,adset,R04,C04,A04
2026-06-10,2026-06-10T16:30:18.000Z,Turn Off - OWN RSOC | Total Days = 1 | budget > 35%| ROI < -50%,Turn Off - OWN RSOC | Total Days = 1 | budget_usage_today > 35% | ROI < -50%,Turn OFF,9913405683583663,31887606876383,31109313511826,1.27,1.27,,SUCCESS,1.4097,1.4097,1,-0.52,1.27,0.6756,-0.52,0.7112,1.4097,,,adset,R04,C04,A04
2026-06-10,2026-06-10T15:00:17.000Z,Turn Off | OWN RSOC | Total Profit <= -2.5$ | budget_usage_today >= 15%,Turn Off | OWN RSOC | Today_profit <= -1$ | budget_usage_today >= 15%,Turn OFF,9913405683583663,31386467900989,31681818554788,,,,SUCCESS,1.2827,1.2827,1,-1.0,1.27,,-1.0,,,,,adset,R05,C05,A05
2026-06-10,2026-06-10T15:00:12.000Z,Turn OFF | Total Days = 4 | OWN RSOC,Turn OFF | Total Days = 4 | OWN RSOC,Turn OFF,9913405683583663,31554978465845,31244073721824,1.27,1.27,,SUCCESS,4.6736,15.2146,4,-0.9,1.905,13.368,-0.12,0.1651,1.5621,10.541,0.22,adset,R08,C08,A08
2026-06-10,2026-06-10T14:30:05.000Z,Budget Decrease | OWN RSOC | -30 < ROI <= -10,Budget Decrease | OWN RSOC | -30 < ROI <= -10,Decrease -20% (min 9),9913405683583663,31626016833981,31237106436763,103.1367,82.5119,,"""No budget to change""",40.4876,685.3428,13,-0.15,,835.3323,0.22,1.8034,2.0193,283.5275,-0.05,,R02,C02,A02
2026-06-10,2026-06-10T09:00:09.000Z,Turn Off | OWN RSOC | Total Profit <= -2.5$ | budget_usage_today >= 15%,Turn Off | OWN RSOC | Today_profit <= -1$ | budget_usage_today >= 15%,Turn OFF,9913405683583663,31167980911567,31193277758801,,,,"{""status"": ""error"", ""type"": ""OAuthException"", ""code"": 190, ""message"": ""access token invalidated""}",1.2827,1.2827,1,-1.0,,,-1.0,,,,,,R05,C05,A05
2026-06-10,2026-06-09T23:00:03.000Z,Turn OFF | Total Days = 4 | OWN RSOC,Turn OFF | Total Days = 4 | OWN RSOC,Turn OFF,9913405683583663,31275731845445,31304695579330,1.27,1.27,,"{""status"": ""error"", ""type"": ""OAuthException"", ""code"": 190, ""message"": ""access token invalidated""}",0.381,9.6647,4,-0.91,,8.5541,-0.11,,,9.2837,-0.08,,R08,C08,A08
2026-06-10,2026-06-09T22:30:05.000Z,Turn OFF | Total Days = 4 | OWN RSOC,Turn OFF | Total Days = 4 | OWN RSOC,Turn OFF,9913405683583663,31275731845445,31304695579330,1.27,1.27,,"{""status"": ""error"", ""type"": ""OAuthException"", ""code"": 190, ""message"": ""access token invalidated""}",0.3302,9.525,4,-1.0,,8.5179,-0.11,,,9.1948,-0.07,,R08,C08,A08
2026-06-09,2026-06-09T20:00:06.000Z,Budget Decrease | OWN RSOC | -30 < ROI <= -10,Budget Decrease | OWN RSOC | -30 < ROI <= -10,Decrease -20% (min 9),9913405683583663,31626016833981,31237106436763,103.1367,82.5119,,"""No budget to change""",74.4474,637.1971,12,-0.29,,791.6208,0.24,2.5273,3.3782,292.3794,0.21,,R02,C02,A02
2026-06-09,2026-06-09T19:30:08.000Z,Budget Decrease | OWN RSOC | -30 < ROI <= -10,Budget Decrease | OWN RSOC | -30 < ROI <= -10,Decrease -20% (min 9),9913405683583663,31626016833981,31237106436763,103.1367,82.5119,,"""No budget to change""",73.6854,636.4351,12,-0.29,,791.3554,0.24,2.6289,3.5052,292.3794,0.21,,R02,C02,A02
2026-06-09,2026-06-09T19:00:08.000Z,Budget Decrease | OWN RSOC | -30 < ROI <= -10,Budget Decrease | OWN RSOC | -30 < ROI <= -10,Decrease -20% (min 9),9913405683583663,31626016833981,31237106436763,103.1367,82.5119,,"""No budget to change""",70.6501,633.3998,12,-0.26,,791.1503,0.25,2.7559,3.5306,292.3794,0.21,,R02,C02,A02
2026-06-09,2026-06-09T18:30:09.000Z,Budget Decrease | OWN RSOC | -30 < ROI <= -10,Budget Decrease | OWN RSOC | -30 < ROI <= -10,Decrease -20% (min 9),9913405683583663,31626016833981,31237106436763,103.1367,82.5119,,"""No budget to change""",69.1007,631.8504,12,-0.3,,787.2895,0.25,2.6924,3.6322,292.3794,0.21,,R02,C02,A02
2026-06-09,2026-06-09T18:00:06.000Z,Budget Decrease | OWN RSOC | -30 < ROI <= -10,Budget Decrease | OWN RSOC | -30 < ROI <= -10,Decrease -20% (min 9),9913405683583663,31626016833981,31237106436763,103.1367,82.5119,,"""No budget to change""",64.7192,627.4689,12,-0.26,,786.8793,0.25,2.8067,3.5941,292.3794,0.21,,R02,C02,A02
2026-06-09,2026-06-09T17:30:08.000Z,Budget Decrease | OWN RSOC | -30 < ROI <= -10,Budget Decrease | OWN RSOC | -30 < ROI <= -10,Decrease -20% (min 9),9913405683583663,31626016833981,31237106436763,103.1367,82.5119,,"""No budget to change""",62.8142,625.5639,12,-0.23,,786.8793,0.26,2.8067,3.4925,292.3794,0.21,,R02,C02,A02
2026-06-09,2026-06-09T17:00:08.000Z,Budget Decrease | OWN RSOC | -30 < ROI <= -10,Budget Decrease | OWN RSOC | -30 < ROI <= -10,Decrease -20% (min 9),9913405683583663,31626016833981,31237106436763,103.1367,82.5119,,"""No budget to change""",58.7629,621.5126,12,-0.18,,786.8793,0.27,2.8067,3.2639,292.3794,0.21,,R02,C02,A02
2026-06-09,2026-06-09T16:30:05.000Z,Budget Decrease | OWN RSOC | -30 < ROI <= -10,Budget Decrease | OWN RSOC | -30 < ROI <= -10,Decrease -20% (min 9),9913405683583663,31626016833981,31237106436763,103.1367,82.5119,,"""No budget to change""",57.9501,620.6998,12,-0.17,,786.8793,0.27,2.8067,3.2258,292.3794,0.21,,R02,C02,A02
2026-06-09,2026-06-09T16:00:10.000Z,Budget Decrease | OWN RSOC | -30 < ROI <= -10,Budget Decrease | OWN RSOC | -30 < ROI <= -10,Decrease -20% (min 9),9913405683583663,31626016833981,31237106436763,103.1367,82.5119,,"""No budget to change""",55.499,618.2487,12,-0.13,,786.8793,0.27,2.8067,3.0861,292.3794,0.21,,R02,C02,A02
2026-06-09,2026-06-09T15:30:06.000Z,Budget Decrease | OWN RSOC | -30 < ROI <= -10,Budget Decrease | OWN RSOC | -30 < ROI <= -10,Decrease -20% (min 9),9913405683583663,31626016833981,31237106436763,103.1367,82.5119,,"""No budget to change""",54.1147,616.8644,12,-0.16,,784.4301,0.27,2.8194,3.1877,292.3794,0.21,,R02,C02,A02
2026-06-09,2026-06-09T15:00:08.000Z,Budget Decrease | OWN RSOC | -30 < ROI <= -10,Budget Decrease | OWN RSOC | -30 < ROI <= -10,Decrease -20% (min 9),9913405683583663,31626016833981,31237106436763,103.1367,82.5119,,"""No budget to change""",49.9872,612.7369,12,-0.11,,783.2719,0.28,2.921,3.1242,292.3794,0.21,,R02,C02,A02
2026-06-09,2026-06-09T13:00:10.000Z,Budget Decrease | OWN RSOC | -30 < ROI <= -10,Budget Decrease | OWN RSOC | -30 < ROI <= -10,Decrease -20% (min 9),9913405683583663,31626016833981,31237106436763,103.1367,82.5119,,"""No budget to change""",38.1254,600.8751,12,-0.22,,768.7094,0.28,2.6289,3.175,292.3794,0.21,,R02,C02,A02
2026-06-09,2026-06-09T12:30:09.000Z,Budget Decrease | OWN RSOC | -30 < ROI <= -10,Budget Decrease | OWN RSOC | -30 < ROI <= -10,Decrease -20% (min 9),9913405683583663,31626016833981,31237106436763,103.1367,82.5119,,"""No budget to change""",35.7632,598.5129,12,-0.3,,763.9679,0.28,2.413,3.2512,292.3794,0.21,,R02,C02,A02
2026-06-08,2026-06-08T16:30:13.000Z,Turn Off | positive_days = 0 | total_days > 2 | OWN RSOC,Turn Off | positive_days = 0 |  total_days > 2 | OWN RSOC,Turn OFF,9913405683583663,31129016989551,31821764710715,1.27,1.27,,"{""status"": ""error"", ""type"": ""OAuthException"", ""code"": 190, ""message"": ""access token invalidated""}",1.2446,3.048,3,-1.0,,0.8325,-0.73,,,1.8034,-0.54,,R03,C03,A03
2026-06-08,2026-06-08T16:30:13.000Z,Turn Off | positive_days = 0 | total_days > 2 | OWN RSOC,Turn Off | positive_days = 0 |  total_days > 2 | OWN RSOC,Turn OFF,9913405683583663,31106545737316,31182881363822,1.27,1.27,,"{""status"": ""error"", ""type"": ""OAuthException"", ""code"": 190, ""message"": ""access token invalidated""}",1.1049,3.0226,3,-0.14,,2.5698,-0.15,0.508,0.5588,1.9177,-0.16,,R03,C03,A03
2026-06-08,2026-06-08T16:30:13.000Z,Turn Off | positive_days = 0 | total_days > 2 | OWN RSOC,Turn Off | positive_days = 0 |  total_days > 2 | OWN RSOC,Turn OFF,9913405683583663,31368753922831,31338428524158,1.27,1.27,,"{""status"": ""error"", ""type"": ""OAuthException"", ""code"": 190, ""message"": ""access token invalidated""}",1.3208,3.0226,3,-1.0,,1.0738,-0.64,,,1.7018,-0.37,,R03,C03,A03
2026-06-08,2026-06-08T16:00:09.000Z,Turn Off | positive_days = 0 | total_days > 2 | OWN RSOC,Turn Off | positive_days = 0 |  total_days > 2 | OWN RSOC,Turn OFF,9913405683583663,31106545737316,31182881363822,1.27,1.27,,"{""status"": ""error"", ""type"": ""OAuthException"", ""code"": 190, ""message"": ""access token invalidated""}",1.1049,3.0226,3,-0.14,,2.5698,-0.15,0.508,0.5588,1.9177,-0.16,,R03,C03,A03
2026-06-08,2026-06-08T16:00:09.000Z,Turn Off | positive_days = 0 | total_days > 2 | OWN RSOC,Turn Off | positive_days = 0 |  total_days > 2 | OWN RSOC,Turn OFF,9913405683583663,31129016989551,31821764710715,1.27,1.27,,"{""status"": ""error"", ""type"": ""OAuthException"", ""code"": 190, ""message"": ""access token invalidated""}",1.2446,3.048,3,-1.0,,0.8325,-0.73,,,1.8034,-0.54,,R03,C03,A03
2026-06-08,2026-06-08T16:00:09.000Z,Turn Off | positive_days = 0 | total_days > 2 | OWN RSOC,Turn Off | positive_days = 0 |  total_days > 2 | OWN RSOC,Turn OFF,9913405683583663,31368753922831,31338428524158,1.27,1.27,,"{""status"": ""error"", ""type"": ""OAuthException"", ""code"": 190, ""message"": ""access token invalidated""}",1.3081,3.0099,3,-1.0,,1.0738,-0.64,,,1.7018,-0.37,,R03,C03,A03
2026-06-08,2026-06-08T15:30:14.000Z,Turn On | Automation Mistake - Today | OWN RSOC,Turn On | Automation Mistake - Today | OWN RSOC,Turn ON,9913405683583663,31314467522499,31273676670366,1.27,1.27,,"{""status"": ""error"", ""type"": ""OAuthException"", ""code"": 190, ""message"": ""access token invalidated""}",0.3175,4.1402,4,1.01,,3.716,-0.1,0.2286,0.1016,3.8227,-0.2,,R09,C09,A09
2026-06-08,2026-06-08T15:00:10.000Z,Turn Off | positive_days = 0 | total_days > 2 | OWN RSOC,Turn Off | positive_days = 0 |  total_days > 2 | OWN RSOC,Turn OFF,9913405683583663,31129016989551,31821764710715,1.27,1.27,,"{""status"": ""error"", ""type"": ""OAuthException"", ""code"": null, ""message"": ""access token invalidated""}",1.2446,3.048,3,-1.0,,0.8325,-0.73,,,1.8034,-0.54,,R03,C03,A03
2026-06-08,2026-06-08T15:00:10.000Z,Turn Off | positive_days = 0 | total_days > 2 | OWN RSOC,Turn Off | positive_days = 0 |  total_days > 2 | OWN RSOC,Turn OFF,9913405683583663,31106545737316,31182881363822,1.27,1.27,,"{""status"": ""error"", ""type"": ""OAuthException"", ""code"": null, ""message"": ""access token invalidated""}",1.1049,3.0226,3,-0.14,,2.5698,-0.15,0.508,0.5588,1.9177,-0.16,,R03,C03,A03
2026-06-08,2026-06-08T15:00:10.000Z,Turn Off | positive_days = 0 | total_days > 2 | OWN RSOC,Turn Off | positive_days = 0 |  total_days > 2 | OWN RSOC,Turn OFF,9913405683583663,31368753922831,31338428524158,1.27,1.27,,"{""status"": ""error"", ""type"": ""OAuthException"", ""code"": null, ""message"": ""access token invalidated""}",1.27,2.9718,3,-1.0,,1.0738,-0.64,,,1.7018,-0.37,,R03,C03,A03
2026-06-08,2026-06-08T14:30:13.000Z,Turn On | Automation Mistake - Today | OWN RSOC,Turn On | Automation Mistake - Today | OWN RSOC,Turn ON,9913405683583663,31314467522499,31273676670366,1.27,1.27,,"{""status"": ""error"", ""type"": ""OAuthException"", ""code"": 190, ""message"": ""access token invalidated""}",0.3175,4.1402,4,1.01,,3.716,-0.1,0.2286,0.1016,3.8227,-0.2,,R09,C09,A09
2026-06-08,2026-06-08T13:30:12.000Z,Turn On | Automation Mistake - Today | OWN RSOC,Turn On | Automation Mistake - Today | OWN RSOC,Turn ON,9913405683583663,31314467522499,31273676670366,1.27,1.27,,"{""status"": ""error"", ""type"": ""OAuthException"", ""code"": 190, ""message"": ""access token invalidated""}",0.3175,4.1402,4,1.01,,3.716,-0.1,0.2286,0.1016,3.8227,-0.2,,R09,C09,A09
2026-06-08,2026-06-08T13:30:10.000Z,Turn Off | positive_days = 0 | total_days > 2 | OWN RSOC,Turn Off | positive_days = 0 |  total_days > 2 | OWN RSOC,Turn OFF,9913405683583663,31368753922831,31338428524158,1.27,1.27,,"{""status"": ""error"", ""type"": ""OAuthException"", ""code"": 190, ""message"": ""access token invalidated""}",1.2065,2.9083,3,-1.0,,1.0738,-0.63,,,1.7018,-0.37,,R03,C03,A03
2026-06-08,2026-06-08T13:30:10.000Z,Turn Off | positive_days = 0 | total_days > 2 | OWN RSOC,Turn Off | positive_days = 0 |  total_days > 2 | OWN RSOC,Turn OFF,9913405683583663,31129016989551,31821764710715,1.27,1.27,,"{""status"": ""error"", ""type"": ""OAuthException"", ""code"": 190, ""message"": ""access token invalidated""}",1.2192,3.0226,3,-1.0,,0.8325,-0.72,,,1.8034,-0.54,,R03,C03,A03
2026-06-08,2026-06-08T13:30:10.000Z,Turn Off | positive_days = 0 | total_days > 2 | OWN RSOC,Turn Off | positive_days = 0 |  total_days > 2 | OWN RSOC,Turn OFF,9913405683583663,31106545737316,31182881363822,1.27,1.27,,"{""status"": ""error"", ""type"": ""OAuthException"", ""code"": 190, ""message"": ""access token invalidated""}",1.1049,3.0226,3,-0.14,,2.5698,-0.15,0.508,0.5588,1.9177,-0.16,,R03,C03,A03
2026-06-08,2026-06-08T13:00:06.000Z,Turn Off | positive_days = 0 | total_days > 2 | OWN RSOC,Turn Off | positive_days = 0 |  total_days > 2 | OWN RSOC,Turn OFF,9913405683583663,31129016989551,31821764710715,1.27,1.27,,"{""status"": ""error"", ""type"": ""OAuthException"", ""code"": 190, ""message"": ""access token invalidated""}",1.2065,3.0099,3,-1.0,,0.8325,-0.72,,,1.8034,-0.54,,R03,C03,A03
2026-06-08,2026-06-08T13:00:06.000Z,Turn Off | positive_days = 0 | total_days > 2 | OWN RSOC,Turn Off | positive_days = 0 |  total_days > 2 | OWN RSOC,Turn OFF,9913405683583663,31106545737316,31182881363822,1.27,1.27,,"{""status"": ""error"", ""type"": ""OAuthException"", ""code"": 190, ""message"": ""access token invalidated""}",1.1049,3.0226,3,-0.14,,2.5698,-0.15,0.508,0.5588,1.9177,-0.16,,R03,C03,A03
2026-06-08,2026-06-08T13:00:06.000Z,Turn Off | positive_days = 0 | total_days > 2 | OWN RSOC,Turn Off | positive_days = 0 |  total_days > 2 | OWN RSOC,Turn OFF,9913405683583663,31368753922831,31338428524158,1.27,1.27,,"{""status"": ""error"", ""type"": ""OAuthException"", ""code"": 190, ""message"": ""access token invalidated""}",1.1557,2.8575,3,-1.0,,1.0738,-0.62,,,1.7018,-0.37,,R03,C03,A03
2026-06-08,2026-06-08T12:30:16.000Z,Turn On | Automation Mistake - Today | OWN RSOC,Turn On | Automation Mistake - Today | OWN RSOC,Turn ON,9913405683583663,31314467522499,31273676670366,1.27,1.27,,"{""status"": ""error"", ""type"": ""OAuthException"", ""code"": 190, ""message"": ""access token invalidated""}",0.3175,4.1402,4,1.01,,3.716,-0.1,0.2286,0.1016,3.8227,-0.2,,R09,C09,A09
2026-06-08,2026-06-08T11:30:20.000Z,Turn On | Automation Mistake - Today | OWN RSOC,Turn On | Automation Mistake - Today | OWN RSOC,Turn ON,9913405683583663,31314467522499,31273676670366,1.27,1.27,,"{""status"": ""error"", ""type"": ""OAuthException"", ""code"": 190, ""message"": ""access token invalidated""}",0.3175,4.1402,4,1.01,,3.716,-0.1,0.2286,0.1016,3.8227,-0.2,,R09,C09,A09
2026-06-08,2026-06-08T10:30:17.000Z,Turn On | Automation Mistake - Today | OWN RSOC,Turn On | Automation Mistake - Today | OWN RSOC,Turn ON,9913405683583663,31314467522499,31273676670366,1.27,1.27,,"{""status"": ""error"", ""type"": ""OAuthException"", ""code"": 190, ""message"": ""access token invalidated""}",0.3175,4.1402,4,1.01,,3.716,-0.1,0.2286,0.1016,3.8227,-0.2,,R09,C09,A09
2026-06-08,2026-06-08T09:30:20.000Z,Turn On | Automation Mistake - Today | OWN RSOC,Turn On | Automation Mistake - Today | OWN RSOC,Turn ON,9913405683583663,31314467522499,31273676670366,1.27,1.27,,"{""status"": ""error"", ""type"": ""OAuthException"", ""code"": 190, ""message"": ""access token invalidated""}",0.3175,4.1402,4,1.01,,3.716,-0.1,0.2286,0.1016,3.8227,-0.2,,R09,C09,A09
2026-06-08,2026-06-08T06:30:12.000Z,Turn On | Automation Mistake - Today | OWN RSOC,Turn On | Automation Mistake - Today | OWN RSOC,Turn ON,9913405683583663,31314467522499,31273676670366,1.27,1.27,,"{""status"": ""error"", ""type"": ""OAuthException"", ""code"": 190, ""message"": ""access token invalidated""}",0.3175,4.1402,4,1.01,,3.716,-0.1,0.2286,0.1016,3.8227,-0.2,,R09,C09,A09
2026-06-08,2026-06-08T05:30:07.000Z,Turn Off | positive_days = 0 | total_days > 2 | OWN RSOC,Turn Off | positive_days = 0 |  total_days > 2 | OWN RSOC,Turn OFF,9913405683583663,31129016989551,31821764710715,1.27,1.27,,"{""status"": ""error"", ""type"": ""OAuthException"", ""code"": 190, ""message"": ""access token invalidated""}",0.1524,1.9558,3,-1.0,,0.8325,-0.57,,,1.8034,-0.54,,R03,C03,A03
2026-06-08,2026-06-08T04:30:04.000Z,Turn Off | positive_days = 0 | total_days > 2 | OWN RSOC,Turn Off | positive_days = 0 |  total_days > 2 | OWN RSOC,Turn OFF,9913405683583663,31129016989551,31821764710715,1.27,1.27,,"{""status"": ""error"", ""type"": ""OAuthException"", ""code"": 190, ""message"": ""access token invalidated""}",0.1524,1.9558,3,-1.0,,0.8325,-0.57,,,1.8034,-0.54,,R03,C03,A03
2026-06-08,2026-06-08T04:00:07.000Z,Turn Off | positive_days = 0 | total_days > 2 | OWN RSOC,Turn Off | positive_days = 0 |  total_days > 2 | OWN RSOC,Turn OFF,9913405683583663,31129016989551,31821764710715,1.27,1.27,,"{""status"": ""error"", ""type"": ""OAuthException"", ""code"": 190, ""message"": ""access token invalidated""}",0.1524,1.9558,3,-1.0,,0.8325,-0.57,,,1.8034,-0.54,,R03,C03,A03
2026-06-08,2026-06-08T03:30:04.000Z,Turn Off | positive_days = 0 | total_days > 2 | OWN RSOC,Turn Off | positive_days = 0 |  total_days > 2 | OWN RSOC,Turn OFF,9913405683583663,31129016989551,31821764710715,1.27,1.27,,"{""status"": ""error"", ""type"": ""OAuthException"", ""code"": 190, ""message"": ""access token invalidated""}",0.1524,1.9558,3,-1.0,,0.8325,-0.57,,,1.8034,-0.54,,R03,C03,A03
2026-06-08,2026-06-08T02:00:05.000Z,Budget Decrease | OWN RSOC | -10 < ROI <= 5 | Budget >= 100$,Budget Decrease | OWN RSOC | -10 < ROI <= 5 | Budget >= 100$,Decrease -15% (min 9),9913405683583663,31302925337341,31421049121898,213.8934,254.0,215.9,SUCCESS,70.4469,1174.9024,11,-0.04,254.0,1612.5958,0.37,0.508,0.508,741.2101,0.25,adset,R10,C10,A10
2026-06-08,2026-06-08T01:00:09.000Z,Turn OFF | Total Days = 4 | OWN RSOC,Turn OFF | Total Days = 4 | OWN RSOC,Turn OFF,9913405683583663,31314467522499,31273676670366,1.27,1.27,,SUCCESS,0.2667,4.0894,4,-0.37,1.27,3.2455,-0.21,0.0889,0.1397,3.8227,-0.2,adset,R08,C08,A08
2026-06-08,2026-06-07T23:30:11.000Z,Turn Off | positive_days = 0 | total_days > 2 | OWN RSOC,Turn Off | positive_days = 0 |  total_days > 2 | OWN RSOC,Turn OFF,9913405683583663,31320961897998,31105712386286,1.27,1.27,,SUCCESS,0.0127,1.8669,3,-1.0,1.27,,-1.0,,,1.8542,-1.0,adset,R03,C03,A03
2026-06-08,2026-06-07T23:30:11.000Z,Turn Off | positive_days = 0 | total_days > 2 | OWN RSOC,Turn Off | positive_days = 0 |  total_days > 2 | OWN RSOC,Turn OFF,9913405683583663,31300423850323,31115905562298,5.08,5.08,,SUCCESS,0.0762,3.5306,3,-0.37,5.08,2.9197,-0.17,0.0508,0.0762,3.4544,-0.17,adset,R03,C03,A03
2026-06-08,2026-06-07T23:30:07.000Z,Turn OFF | Total Days = 4 | OWN RSOC,Turn OFF | Total Days = 4 | OWN RSOC,Turn OFF,9913405683583663,31132979320923,31137022341189,1.27,1.27,,SUCCESS,0.3175,4.1783,4,-1.0,1.27,2.8956,-0.31,,,3.8608,-0.25,adset,R08,C08,A08
2026-06-08,2026-06-07T23:00:15.000Z,Turn Off | positive_days = 0 | total_days > 2 | OWN RSOC,Turn Off | positive_days = 0 |  total_days > 2 | OWN RSOC,Turn OFF,9913405683583663,31108511698120,31338209280276,1.27,1.27,,SUCCESS,0.2286,1.9177,3,-1.0,1.27,,-1.0,,,1.6891,-1.0,adset,R03,C03,A03
2026-06-08,2026-06-07T23:00:15.000Z,Turn Off | positive_days = 0 | total_days > 2 | OWN RSOC,Turn Off | positive_days = 0 |  total_days > 2 | OWN RSOC,Turn OFF,9913405683583663,31951560420530,31850564673039,1.27,1.27,,SUCCESS,0.2794,1.9939,3,-1.0,1.27,0.6998,-0.65,,,1.7145,-0.59,adset,R03,C03,A03
2026-06-08,2026-06-07T23:00:15.000Z,Turn Off | positive_days = 0 | total_days > 2 | OWN RSOC,Turn Off | positive_days = 0 |  total_days > 2 | OWN RSOC,Turn OFF,9913405683583663,31175040661465,31230384933840,1.27,1.27,,SUCCESS,0.0127,1.6129,3,-1.0,1.27,1.5564,-0.04,,,1.6002,-0.03,adset,R03,C03,A03
2026-06-08,2026-06-07T23:00:15.000Z,Turn Off | positive_days = 0 | total_days > 2 | OWN RSOC,Turn Off | positive_days = 0 |  total_days > 2 | OWN RSOC,Turn OFF,9913405683583663,31793648614099,31126503085930,1.27,1.27,,SUCCESS,0.0762,1.6764,3,-1.0,1.27,0.4585,-0.73,,,1.6002,-0.71,adset,R03,C03,A03
2026-06-08,2026-06-07T23:00:05.000Z,Turn OFF | Total Days = 4 | OWN RSOC,Turn OFF | Total Days = 4 | OWN RSOC,Turn OFF,9913405683583663,31255165214890,31467943580651,3.81,6.35,,SUCCESS,8.2296,103.5558,4,-0.87,6.35,99.8256,-0.04,,,95.3262,0.04,adset,R08,C08,A08
2026-06-08,2026-06-07T22:30:20.000Z,Turn Off | positive_days = 0 | total_days > 2 | OWN RSOC,Turn Off | positive_days = 0 |  total_days > 2 | OWN RSOC,Turn OFF,9913405683583663,31951560420530,31850564673039,1.27,1.27,,SUCCESS,0.2794,1.9812,3,-1.0,1.27,0.6998,-0.65,,,1.7018,-0.59,adset,R03,C03,A03
2026-06-08,2026-06-07T22:30:20.000Z,Turn Off | positive_days = 0 | total_days > 2 | OWN RSOC,Turn Off | positive_days = 0 |  total_days > 2 | OWN RSOC,Turn OFF,9913405683583663,31108511698120,31338209280276,1.27,1.27,,SUCCESS,0.2286,1.9177,3,-1.0,1.27,,-1.0,,,1.6891,-1.0,adset,R03,C03,A03
2026-06-08,2026-06-07T22:30:20.000Z,Turn Off | positive_days = 0 | total_days > 2 | OWN RSOC,Turn Off | positive_days = 0 |  total_days > 2 | OWN RSOC,Turn OFF,9913405683583663,31175040661465,31230384933840,1.27,1.27,,SUCCESS,0.0127,1.6129,3,-1.0,1.27,1.5564,-0.04,,,1.6002,-0.03,adset,R03,C03,A03
2026-06-08,2026-06-07T22:30:20.000Z,Turn Off | positive_days = 0 | total_days > 2 | OWN RSOC,Turn Off | positive_days = 0 |  total_days > 2 | OWN RSOC,Turn OFF,9913405683583663,31793648614099,31126503085930,1.27,1.27,,SUCCESS,0.0762,1.6764,3,-1.0,1.27,0.4585,-0.73,,,1.6002,-0.71,adset,R03,C03,A03
2026-06-08,2026-06-07T22:30:07.000Z,Turn OFF | Total Days = 4 | OWN RSOC,Turn OFF | Total Days = 4 | OWN RSOC,Turn OFF,9913405683583663,31255165214890,31467943580651,3.81,6.35,,SUCCESS,8.2296,102.1842,4,-0.87,6.35,99.8256,-0.02,,,93.9546,0.05,adset,R08,C08,A08
2026-06-08,2026-06-07T22:00:10.000Z,Turn Off | positive_days = 0 | total_days > 2 | OWN RSOC,Turn Off | positive_days = 0 |  total_days > 2 | OWN RSOC,Turn OFF,9913405683583663,31570891150705,31266819440985,2.54,2.54,,SUCCESS,0.0254,4.5085,3,-1.0,2.54,3.897,-0.14,,,4.4831,-0.13,adset,R03,C03,A03
2026-06-08,2026-06-07T22:00:06.000Z,Turn Off | positive_days = 0 | total_days > 3 | OWN RSOC,Turn Off | positive_days = 0 | total_days > 3 | OWN RSOC,Turn OFF,9913405683583663,31570891150705,31266819440985,2.54,2.54,,SUCCESS,0.0254,4.5085,3,-1.0,2.54,3.897,-0.14,,,4.4831,-0.13,adset,R11,C11,A11
2026-06-08,2026-06-07T21:30:15.000Z,Turn Off | positive_days = 0 | total_days > 3 | OWN RSOC,Turn Off | positive_days = 0 | total_days > 3 | OWN RSOC,Turn OFF,9913405683583663,31570891150705,31266819440985,2.54,2.54,,SUCCESS,0.0254,4.5085,3,-1.0,2.54,3.897,-0.14,,,4.4831,-0.13,adset,R11,C11,A11
2026-06-08,2026-06-07T21:30:09.000Z,Turn Off | positive_days = 0 | total_days > 2 | OWN RSOC,Turn Off | positive_days = 0 |  total_days > 2 | OWN RSOC,Turn OFF,9913405683583663,31570891150705,31266819440985,2.54,2.54,,SUCCESS,0.0254,4.5085,3,-1.0,2.54,3.897,-0.14,,,4.4831,-0.13,adset,R03,C03,A03
2026-06-07,2026-06-07T18:00:13.000Z,Turn Off - OWN RSOC | Total Days = 1 | budget > 35%| ROI < -50%,Turn Off - OWN RSOC | Total Days = 1 | budget_usage_today > 35% | ROI < -50%,Turn OFF,9913405683583663,31469116854677,31182277435832,1.27,1.27,,SUCCESS,0.4572,0.4572,1,-0.58,1.27,0.193,-0.58,0.1016,0.2286,,,adset,R04,C04,A04
2026-06-07,2026-06-07T17:45:09.000Z,Turn Off - OWN RSOC | Total Days = 1 | budget > 35%| ROI < -50%,Turn Off - OWN RSOC | Total Days = 1 | budget_usage_today > 35% | ROI < -50%,Turn OFF,9913405683583663,31469116854677,31182277435832,1.27,1.27,,SUCCESS,0.4572,0.4572,1,-0.58,1.27,0.193,-0.58,0.1016,0.2286,,,adset,R04,C04,A04
2026-06-07,2026-06-07T17:30:11.000Z,Turn Off - OWN RSOC | Total Days = 1 | budget > 35%| ROI < -50%,Turn Off - OWN RSOC | Total Days = 1 | budget_usage_today > 35% | ROI < -50%,Turn OFF,9913405683583663,31469116854677,31182277435832,1.27,1.27,,SUCCESS,0.4445,0.4445,1,-0.57,1.27,0.193,-0.57,0.1016,0.2286,,,adset,R04,C04,A04
2026-06-07,2026-06-07T17:00:09.000Z,Turn Off - OWN RSOC | Total Days = 1 | budget > 35%| ROI < -50%,Turn Off - OWN RSOC | Total Days = 1 | budget_usage_today > 35% | ROI < -50%,Turn OFF,9913405683583663,31196138292856,31146439533938,1.27,1.27,,SUCCESS,0.4699,0.4699,1,-0.61,1.27,0.181,-0.61,0.1905,0.4699,,,adset,R04,C04,A04
2026-06-07,2026-06-07T17:00:09.000Z,Turn Off - OWN RSOC | Total Days = 1 | budget > 35%| ROI < -50%,Turn Off - OWN RSOC | Total Days = 1 | budget_usage_today > 35% | ROI < -50%,Turn OFF,9913405683583663,31500462861313,31170265371564,1.27,1.27,,SUCCESS,1.0541,1.0541,1,-0.51,1.27,0.5188,-0.51,0.2794,0.5334,,,adset,R04,C04,A04
2026-06-07,2026-06-07T16:45:09.000Z,Turn Off - OWN RSOC | Total Days = 1 | budget > 35%| ROI < -50%,Turn Off - OWN RSOC | Total Days = 1 | budget_usage_today > 35% | ROI < -50%,Turn OFF,9913405683583663,31196138292856,31146439533938,1.27,1.27,,SUCCESS,0.4699,0.4699,1,-0.61,1.27,0.181,-0.61,0.1905,0.4699,,,adset,R04,C04,A04
2026-06-07,2026-06-07T16:45:09.000Z,Turn Off - OWN RSOC | Total Days = 1 | budget > 35%| ROI < -50%,Turn Off - OWN RSOC | Total Days = 1 | budget_usage_today > 35% | ROI < -50%,Turn OFF,9913405683583663,31500462861313,31170265371564,1.27,1.27,,SUCCESS,1.0541,1.0541,1,-0.51,1.27,0.5188,-0.51,0.2794,0.5334,,,adset,R04,C04,A04
2026-06-07,2026-06-07T16:30:11.000Z,Turn Off - OWN RSOC | Total Days = 1 | budget > 35%| ROI < -50%,Turn Off - OWN RSOC | Total Days = 1 | budget_usage_today > 35% | ROI < -50%,Turn OFF,9913405683583663,31196138292856,31146439533938,1.27,1.27,,SUCCESS,0.4572,0.4572,1,-0.6,1.27,0.181,-0.6,0.1905,0.4572,,,adset,R04,C04,A04
2026-06-07,2026-06-07T16:30:11.000Z,Turn Off - OWN RSOC | Total Days = 1 | budget > 35%| ROI < -50%,Turn Off - OWN RSOC | Total Days = 1 | budget_usage_today > 35% | ROI < -50%,Turn OFF,9913405683583663,31500462861313,31170265371564,1.27,1.27,,SUCCESS,1.0414,1.0414,1,-0.5,1.27,0.5188,-0.5,0.2794,0.5207,,,adset,R04,C04,A04
2026-06-07,2026-06-07T16:00:09.000Z,Turn Off - OWN RSOC | Total Days = 1 | budget > 35%| ROI < -50%,Turn Off - OWN RSOC | Total Days = 1 | budget_usage_today > 35% | ROI < -50%,Turn OFF,9913405683583663,31202048419674,31218699408727,1.27,1.27,,SUCCESS,0.6096,0.6096,1,-0.62,1.27,0.2292,-0.62,0.0635,0.1524,,,campaign,R04,C04,A04
2026-06-07,2026-06-07T15:45:32.000Z,Turn Off - OWN RSOC | Total Days = 1 | budget > 35%| ROI < -50%,Turn Off - OWN RSOC | Total Days = 1 | budget_usage_today > 35% | ROI < -50%,Turn OFF,9913405683583663,31202048419674,31218699408727,1.27,1.27,,SUCCESS,0.6096,0.6096,1,-0.62,1.27,0.2292,-0.62,0.0635,0.1524,,,campaign,R04,C04,A04
2026-06-07,2026-06-07T15:30:17.000Z,Turn Off - OWN RSOC | Total Days = 1 | budget > 35%| ROI < -50%,Turn Off - OWN RSOC | Total Days = 1 | budget_usage_today > 35% | ROI < -50%,Turn OFF,9913405683583663,31202048419674,31218699408727,1.27,1.27,,SUCCESS,0.5842,0.5842,1,-0.61,1.27,0.2292,-0.61,0.0635,0.1524,,,campaign,R04,C04,A04
2026-06-07,2026-06-07T15:00:08.000Z,Turn Off - OWN RSOC | Total Days = 1 | budget > 35%| ROI < -50%,Turn Off - OWN RSOC | Total Days = 1 | budget_usage_today > 35% | ROI < -50%,Turn OFF,9913405683583663,31445874995136,31300072186927,1.27,1.27,,SUCCESS,0.5842,0.5842,1,-0.9,1.27,0.0603,-0.9,0.0635,0.5842,,,adset,R04,C04,A04
2026-06-07,2026-06-07T14:45:08.000Z,Turn Off - OWN RSOC | Total Days = 1 | budget > 35%| ROI < -50%,Turn Off - OWN RSOC | Total Days = 1 | budget_usage_today > 35% | ROI < -50%,Turn OFF,9913405683583663,31445874995136,31300072186927,1.27,1.27,,SUCCESS,0.5842,0.5842,1,-0.9,1.27,0.0603,-0.9,0.0635,0.5842,,,adset,R04,C04,A04
2026-06-07,2026-06-07T14:30:12.000Z,Turn Off - OWN RSOC | Total Days = 1 | budget > 35%| ROI < -50%,Turn Off - OWN RSOC | Total Days = 1 | budget_usage_today > 35% | ROI < -50%,Turn OFF,9913405683583663,31445874995136,31300072186927,1.27,1.27,,SUCCESS,0.4826,0.4826,1,-0.88,1.27,0.0603,-0.88,,,,,adset,R04,C04,A04
2026-06-07,2026-06-07T14:00:07.000Z,Turn Off - OWN RSOC | Total Days = 1 | budget > 35%| ROI < -50%,Turn Off - OWN RSOC | Total Days = 1 | budget_usage_today > 35% | ROI < -50%,Turn OFF,9913405683583663,31221718773016,31895458274963,1.27,1.27,,SUCCESS,0.5969,0.5969,1,-0.96,1.27,0.0241,-0.96,,,,,adset,R04,C04,A04
2026-06-07,2026-06-07T14:00:07.000Z,Turn Off - OWN RSOC | Total Days = 1 | budget > 35%| ROI < -50%,Turn Off - OWN RSOC | Total Days = 1 | budget_usage_today > 35% | ROI < -50%,Turn OFF,9913405683583663,31109557363427,31100107820350,1.27,1.27,,SUCCESS,0.5715,0.5715,1,-1.0,1.27,,-1.0,,,,,adset,R04,C04,A04
2026-06-07,2026-06-07T14:00:07.000Z,Turn Off - OWN RSOC | Total Days = 1 | budget > 35%| ROI < -50%,Turn Off - OWN RSOC | Total Days = 1 | budget_usage_today > 35% | ROI < -50%,Turn OFF,9913405683583663,31173597087415,31163665322922,1.27,1.27,,SUCCESS,1.1303,1.1303,1,-0.52,1.27,0.5429,-0.52,0.1397,0.2794,,,adset,R04,C04,A04
2026-06-07,2026-06-07T13:45:27.000Z,Turn Off - OWN RSOC | Total Days = 1 | budget > 35%| ROI < -50%,Turn Off - OWN RSOC | Total Days = 1 | budget_usage_today > 35% | ROI < -50%,Turn OFF,9913405683583663,31173597087415,31163665322922,1.27,1.27,,SUCCESS,1.1303,1.1303,1,-0.52,1.27,0.5429,-0.52,0.1397,0.2794,,,adset,R04,C04,A04
2026-06-07,2026-06-07T13:45:27.000Z,Turn Off - OWN RSOC | Total Days = 1 | budget > 35%| ROI < -50%,Turn Off - OWN RSOC | Total Days = 1 | budget_usage_today > 35% | ROI < -50%,Turn OFF,9913405683583663,31109557363427,31100107820350,1.27,1.27,,SUCCESS,0.5715,0.5715,1,-1.0,1.27,,-1.0,,,,,adset,R04,C04,A04
2026-06-07,2026-06-07T13:45:27.000Z,Turn Off - OWN RSOC | Total Days = 1 | budget > 35%| ROI < -50%,Turn Off - OWN RSOC | Total Days = 1 | budget_usage_today > 35% | ROI < -50%,Turn OFF,9913405683583663,31221718773016,31895458274963,1.27,1.27,,SUCCESS,0.5969,0.5969,1,-0.96,1.27,0.0241,-0.96,,,,,adset,R04,C04,A04
2026-06-07,2026-06-07T13:30:16.000Z,Turn Off - OWN RSOC | Total Days = 1 | budget > 35%| ROI < -50%,Turn Off - OWN RSOC | Total Days = 1 | budget_usage_today > 35% | ROI < -50%,Turn OFF,9913405683583663,31221718773016,31895458274963,1.27,1.27,,SUCCESS,0.5461,0.5461,1,-0.96,1.27,0.0241,-0.96,,,,,adset,R04,C04,A04
2026-06-07,2026-06-07T13:30:16.000Z,Turn Off - OWN RSOC | Total Days = 1 | budget > 35%| ROI < -50%,Turn Off - OWN RSOC | Total Days = 1 | budget_usage_today > 35% | ROI < -50%,Turn OFF,9913405683583663,31173597087415,31163665322922,1.27,1.27,,SUCCESS,1.0922,1.0922,1,-0.5,1.27,0.5429,-0.5,0.1397,0.2794,,,adset,R04,C04,A04
2026-06-07,2026-06-07T13:30:16.000Z,Turn Off - OWN RSOC | Total Days = 1 | budget > 35%| ROI < -50%,Turn Off - OWN RSOC | Total Days = 1 | budget_usage_today > 35% | ROI < -50%,Turn OFF,9913405683583663,31109557363427,31100107820350,1.27,1.27,,SUCCESS,0.4699,0.4699,1,-1.0,1.27,,-1.0,,,,,adset,R04,C04,A04
2026-06-07,2026-06-07T12:01:17.000Z,Turn Off - OWN RSOC | Total Days = 1 | budget > 35%| ROI < -50%,Turn Off - OWN RSOC | Total Days = 1 | budget_usage_today > 35% | ROI < -50%,Turn OFF,9913405683583663,31983969453004,31275944100471,1.27,1.27,,SUCCESS,0.5588,0.5588,1,-1.0,1.27,,-1.0,,,,,campaign,R04,C04,A04
2026-06-07,2026-06-07T11:45:13.000Z,Turn Off - OWN RSOC | Total Days = 1 | budget > 35%| ROI < -50%,Turn Off - OWN RSOC | Total Days = 1 | budget_usage_today > 35% | ROI < -50%,Turn OFF,9913405683583663,31983969453004,31275944100471,1.27,1.27,,SUCCESS,0.5588,0.5588,1,-1.0,1.27,,-1.0,,,,,campaign,R04,C04,A04
2026-06-07,2026-06-07T11:30:09.000Z,Turn Off - OWN RSOC | Total Days = 1 | budget > 35%| ROI < -50%,Turn Off - OWN RSOC | Total Days = 1 | budget_usage_today > 35% | ROI < -50%,Turn OFF,9913405683583663,31983969453004,31275944100471,1.27,1.27,,SUCCESS,0.4953,0.4953,1,-1.0,1.27,,-1.0,,,,,campaign,R04,C04,A04
2026-06-07,2026-06-07T10:00:08.000Z,Turn Off - OWN RSOC | Total Days = 1 | budget > 35%| ROI < -50%,Turn Off - OWN RSOC | Total Days = 1 | budget_usage_today > 35% | ROI < -50%,Turn OFF,9913405683583663,31442020869055,31294414010618,1.27,1.27,,SUCCESS,0.4826,0.4826,1,-1.0,1.27,,-1.0,,,,,adset,R04,C04,A04
2026-06-07,2026-06-07T10:00:08.000Z,Turn Off - OWN RSOC | Total Days = 1 | budget > 35%| ROI < -50%,Turn Off - OWN RSOC | Total Days = 1 | budget_usage_today > 35% | ROI < -50%,Turn OFF,9913405683583663,31311598193429,31323841049543,1.27,1.27,,SUCCESS,0.5588,0.5588,1,-1.0,1.27,,-1.0,,,,,adset,R04,C04,A04
2026-06-07,2026-06-07T09:45:08.000Z,Turn Off - OWN RSOC | Total Days = 1 | budget > 35%| ROI < -50%,Turn Off - OWN RSOC | Total Days = 1 | budget_usage_today > 35% | ROI < -50%,Turn OFF,9913405683583663,31311598193429,31323841049543,1.27,1.27,,SUCCESS,0.5588,0.5588,1,-1.0,1.27,,-1.0,,,,,adset,R04,C04,A04
2026-06-07,2026-06-07T09:45:08.000Z,Turn Off - OWN RSOC | Total Days = 1 | budget > 35%| ROI < -50%,Turn Off - OWN RSOC | Total Days = 1 | budget_usage_today > 35% | ROI < -50%,Turn OFF,9913405683583663,31442020869055,31294414010618,1.27,1.27,,SUCCESS,0.4826,0.4826,1,-1.0,1.27,,-1.0,,,,,adset,R04,C04,A04
2026-06-07,2026-06-07T09:30:10.000Z,Turn Off - OWN RSOC | Total Days = 1 | budget > 35%| ROI < -50%,Turn Off - OWN RSOC | Total Days = 1 | budget_usage_today > 35% | ROI < -50%,Turn OFF,9913405683583663,31311598193429,31323841049543,1.27,1.27,,SUCCESS,0.5588,0.5588,1,-1.0,1.27,,-1.0,,,,,adset,R04,C04,A04
2026-06-07,2026-06-07T09:30:10.000Z,Turn Off - OWN RSOC | Total Days = 1 | budget > 35%| ROI < -50%,Turn Off - OWN RSOC | Total Days = 1 | budget_usage_today > 35% | ROI < -50%,Turn OFF,9913405683583663,31442020869055,31294414010618,1.27,1.27,,SUCCESS,0.4826,0.4826,1,-1.0,1.27,,-1.0,,,,,adset,R04,C04,A04
2026-06-07,2026-06-07T09:00:07.000Z,Turn Off - OWN RSOC | Total Days = 1 | budget > 35%| ROI < -50%,Turn Off - OWN RSOC | Total Days = 1 | budget_usage_today > 35% | ROI < -50%,Turn OFF,9913405683583663,31234321873312,31165987998031,1.27,1.27,,SUCCESS,0.5461,0.5461,1,-0.98,1.27,0.0121,-0.98,0.0127,0.5461,,,adset,R04,C04,A04
2026-06-07,2026-06-07T09:00:07.000Z,Turn Off - OWN RSOC | Total Days = 1 | budget > 35%| ROI < -50%,Turn Off - OWN RSOC | Total Days = 1 | budget_usage_today > 35% | ROI < -50%,Turn OFF,9913405683583663,31515347886140,31180403315706,1.27,1.27,,SUCCESS,0.8255,0.8255,1,-1.0,1.27,,-1.0,,,,,adset,R04,C04,A04
2026-06-07,2026-06-07T08:45:08.000Z,Turn Off - OWN RSOC | Total Days = 1 | budget > 35%| ROI < -50%,Turn Off - OWN RSOC | Total Days = 1 | budget_usage_today > 35% | ROI < -50%,Turn OFF,9913405683583663,31515347886140,31180403315706,1.27,1.27,,SUCCESS,0.8255,0.8255,1,-1.0,1.27,,-1.0,,,,,adset,R04,C04,A04
2026-06-07,2026-06-07T08:45:08.000Z,Turn Off - OWN RSOC | Total Days = 1 | budget > 35%| ROI < -50%,Turn Off - OWN RSOC | Total Days = 1 | budget_usage_today > 35% | ROI < -50%,Turn OFF,9913405683583663,31234321873312,31165987998031,1.27,1.27,,SUCCESS,0.5461,0.5461,1,-0.98,1.27,0.0121,-0.98,0.0127,0.5461,,,adset,R04,C04,A04
2026-06-07,2026-06-07T08:30:09.000Z,Turn Off - OWN RSOC | Total Days = 1 | budget > 35%| ROI < -50%,Turn Off - OWN RSOC | Total Days = 1 | budget_usage_today > 35% | ROI < -50%,Turn OFF,9913405683583663,31515347886140,31180403315706,1.27,1.27,,SUCCESS,0.6604,0.6604,1,-1.0,1.27,,-1.0,,,,,adset,R04,C04,A04
2026-06-07,2026-06-07T08:30:09.000Z,Turn Off - OWN RSOC | Total Days = 1 | budget > 35%| ROI < -50%,Turn Off - OWN RSOC | Total Days = 1 | budget_usage_today > 35% | ROI < -50%,Turn OFF,9913405683583663,31234321873312,31165987998031,1.27,1.27,,SUCCESS,0.4953,0.4953,1,-0.98,1.27,0.0121,-0.98,0.0127,0.4953,,,adset,R04,C04,A04
2026-06-07,2026-06-07T08:00:08.000Z,Turn Off - OWN RSOC | Total Days = 1 | budget > 35%| ROI < -50%,Turn Off - OWN RSOC | Total Days = 1 | budget_usage_today > 35% | ROI < -50%,Turn OFF,9913405683583663,31240178614812,31299272482749,1.27,1.27,,SUCCESS,0.4826,0.4826,1,-0.78,1.27,0.1086,-0.78,0.0254,0.0762,,,adset,R04,C04,A04
2026-06-07,2026-06-07T08:00:08.000Z,Turn Off - OWN RSOC | Total Days = 1 | budget > 35%| ROI < -50%,Turn Off - OWN RSOC | Total Days = 1 | budget_usage_today > 35% | ROI < -50%,Turn OFF,9913405683583663,31327473700930,31112428829159,1.27,1.27,,SUCCESS,0.5969,0.5969,1,-0.82,1.27,0.1086,-0.82,,,,,adset,R04,C04,A04
2026-06-07,2026-06-07T08:00:08.000Z,Turn Off - OWN RSOC | Total Days = 1 | budget > 35%| ROI < -50%,Turn Off - OWN RSOC | Total Days = 1 | budget_usage_today > 35% | ROI < -50%,Turn OFF,9913405683583663,31217156673145,31112847511742,1.27,1.27,,SUCCESS,0.4953,0.4953,1,-1.0,1.27,,-1.0,,,,,adset,R04,C04,A04
2026-06-07,2026-06-07T07:45:09.000Z,Turn Off - OWN RSOC | Total Days = 1 | budget > 35%| ROI < -50%,Turn Off - OWN RSOC | Total Days = 1 | budget_usage_today > 35% | ROI < -50%,Turn OFF,9913405683583663,31217156673145,31112847511742,1.27,1.27,,SUCCESS,0.4953,0.4953,1,-1.0,1.27,,-1.0,,,,,adset,R04,C04,A04
2026-06-07,2026-06-07T07:45:09.000Z,Turn Off - OWN RSOC | Total Days = 1 | budget > 35%| ROI < -50%,Turn Off - OWN RSOC | Total Days = 1 | budget_usage_today > 35% | ROI < -50%,Turn OFF,9913405683583663,31327473700930,31112428829159,1.27,1.27,,SUCCESS,0.5969,0.5969,1,-0.82,1.27,0.1086,-0.82,,,,,adset,R04,C04,A04
2026-06-07,2026-06-07T07:45:09.000Z,Turn Off - OWN RSOC | Total Days = 1 | budget > 35%| ROI < -50%,Turn Off - OWN RSOC | Total Days = 1 | budget_usage_today > 35% | ROI < -50%,Turn OFF,9913405683583663,31240178614812,31299272482749,1.27,1.27,,SUCCESS,0.4826,0.4826,1,-0.78,1.27,0.1086,-0.78,0.0254,0.0762,,,adset,R04,C04,A04
2026-06-07,2026-06-07T07:30:09.000Z,Turn Off - OWN RSOC | Total Days = 1 | budget > 35%| ROI < -50%,Turn Off - OWN RSOC | Total Days = 1 | budget_usage_today > 35% | ROI < -50%,Turn OFF,9913405683583663,31327473700930,31112428829159,1.27,1.27,,SUCCESS,0.5334,0.5334,1,-1.0,1.27,,-1.0,,,,,adset,R04,C04,A04
2026-06-07,2026-06-07T07:30:09.000Z,Turn Off - OWN RSOC | Total Days = 1 | budget > 35%| ROI < -50%,Turn Off - OWN RSOC | Total Days = 1 | budget_usage_today > 35% | ROI < -50%,Turn OFF,9913405683583663,31240178614812,31299272482749,1.27,1.27,,SUCCESS,0.4572,0.4572,1,-0.76,1.27,0.1086,-0.76,0.0254,0.0762,,,adset,R04,C04,A04
2026-06-07,2026-06-07T07:00:08.000Z,Turn Off - OWN RSOC | Total Days = 1 | budget > 35%| ROI < -50%,Turn Off - OWN RSOC | Total Days = 1 | budget_usage_today > 35% | ROI < -50%,Turn OFF,9913405683583663,31108779379018,31183977009930,1.27,1.27,,SUCCESS,0.4826,0.4826,1,-1.0,1.27,,-1.0,,,,,adset,R04,C04,A04
2026-06-07,2026-06-07T06:45:11.000Z,Turn Off - OWN RSOC | Total Days = 1 | budget > 35%| ROI < -50%,Turn Off - OWN RSOC | Total Days = 1 | budget_usage_today > 35% | ROI < -50%,Turn OFF,9913405683583663,31108779379018,31183977009930,1.27,1.27,,SUCCESS,0.4826,0.4826,1,-1.0,1.27,,-1.0,,,,,adset,R04,C04,A04
2026-06-07,2026-06-07T06:30:20.000Z,Turn Off - OWN RSOC | Total Days = 1 | budget > 35%| ROI < -50%,Turn Off - OWN RSOC | Total Days = 1 | budget_usage_today > 35% | ROI < -50%,Turn OFF,9913405683583663,31108779379018,31183977009930,1.27,1.27,,SUCCESS,0.4445,0.4445,1,-1.0,1.27,,-1.0,,,,,adset,R04,C04,A04
2026-06-07,2026-06-07T05:30:07.000Z,Budget Decrease | OWN RSOC | -10 < ROI <= 5 | Budget >= 100$,Budget Decrease | OWN RSOC | -10 < ROI <= 5 | Budget >= 100$,Decrease -15% (min 9),9913405683583663,31302925337341,31421049121898,262.128,314.5536,267.3706,SUCCESS,109.1438,894.6007,10,0.04,314.5536,1338.3343,0.5,0.4953,0.4445,563.2323,0.49,adset,R10,C10,A10
2026-06-07,2026-06-07T05:00:03.000Z,Budget Decrease | OWN RSOC | ROI <= -50 | Budget <= 65$,Budget Decrease | OWN RSOC | ROI <= -50 | Budget <= 65$,Decrease -40% (min 9),9913405683583663,31808893639076,31190676113255,6.35,12.7,4.572,"""No budget to change""",3.8989,45.0342,10,-0.59,7.62,51.9278,0.15,0.8509,1.9558,11.5824,0.24,adset,R12,C12,A12
2026-06-07,2026-06-07T04:30:07.000Z,Budget Decrease | OWN RSOC | ROI <= -50 | Budget <= 65$,Budget Decrease | OWN RSOC | ROI <= -50 | Budget <= 65$,Decrease -40% (min 9),9913405683583663,31808893639076,31190676113255,6.35,12.7,7.62,SUCCESS,3.8989,45.0342,10,-0.59,12.7,51.9278,0.15,0.8509,1.9558,11.5824,0.24,adset,R12,C12,A12
2026-06-07,2026-06-07T04:00:03.000Z,Budget Decrease | OWN RSOC | ROI <= -50 | Budget <= 65$,Budget Decrease | OWN RSOC | ROI <= -50 | Budget <= 65$,Decrease -40% (min 9),9913405683583663,31273956645572,31244041296905,12.7,19.05,6.858,"""No budget to change""",6.1595,29.1846,5,-0.6,11.43,40.3454,0.38,2.5781,6.1595,21.4757,0.69,adset,R12,C12,A12
2026-06-07,2026-06-07T03:30:05.000Z,Budget Decrease | OWN RSOC | ROI <= -50 | Budget <= 65$,Budget Decrease | OWN RSOC | ROI <= -50 | Budget <= 65$,Decrease -40% (min 9),9913405683583663,31273956645572,31244041296905,12.7,19.05,11.43,SUCCESS,6.1595,29.1846,5,-0.6,19.05,40.3454,0.38,2.5781,6.1595,21.4757,0.69,adset,R12,C12,A12
2026-06-07,2026-06-07T03:00:06.000Z,Budget Decrease | OWN RSOC | -30 < ROI <= -10,Budget Decrease | OWN RSOC | -30 < ROI <= -10,Decrease -20% (min 9),9913405683583663,31626016833981,31237106436763,107.442,128.9304,82.5094,"""No budget to change""",36.1188,397.4465,10,-0.13,103.1367,563.9905,0.42,2.3495,2.5781,240.0681,0.45,adset,R02,C02,A02
2026-06-07,2026-06-07T02:30:11.000Z,Budget Decrease | OWN RSOC | -30 < ROI <= -10,Budget Decrease | OWN RSOC | -30 < ROI <= -10,Decrease -20% (min 9),9913405683583663,31626016833981,31237106436763,107.442,128.9304,103.1443,SUCCESS,36.1188,397.4465,10,-0.16,128.9304,563.1942,0.42,2.4638,2.7813,240.0681,0.45,adset,R02,C02,A02
2026-06-06,2026-06-06T18:00:03.000Z,Turn Off | OWN RSOC | Total Profit <= -2.5$ | budget_usage_today >= 15%,Turn Off | OWN RSOC | Today_profit <= -1$ | budget_usage_today >= 15%,Turn OFF,9913405683583663,31142523663741,31100956803093,1.27,3.81,,SUCCESS,2.3241,6.6548,2,-1.0,3.81,4.7415,-0.29,,,4.3307,0.09,adset,R05,C05,A05
2026-06-06,2026-06-06T17:30:08.000Z,Turn Off | OWN RSOC | Total Profit <= -2.5$ | budget_usage_today >= 15%,Turn Off | OWN RSOC | Today_profit <= -1$ | budget_usage_today >= 15%,Turn OFF,9913405683583663,31142523663741,31100956803093,1.27,3.81,,SUCCESS,2.3241,6.6548,2,-1.0,3.81,4.7415,-0.29,,,4.3307,0.09,adset,R05,C05,A05
2026-06-06,2026-06-06T15:00:07.000Z,Turn Off - OWN RSOC | Total Days = 1 | budget > 35%| ROI < -50%,Turn Off - OWN RSOC | Total Days = 1 | budget_usage_today > 35% | ROI < -50%,Turn OFF,9913405683583663,31142227961268,31116812256991,5.08,5.08,,SUCCESS,1.7907,1.7907,1,-0.56,5.08,0.7963,-0.56,0.8382,1.7907,,,adset,R04,C04,A04
2026-06-06,2026-06-06T15:00:07.000Z,Turn Off - OWN RSOC | Total Days = 1 | budget > 35%| ROI < -50%,Turn Off - OWN RSOC | Total Days = 1 | budget_usage_today > 35% | ROI < -50%,Turn OFF,9913405683583663,31294466599404,31178417367403,1.27,1.27,,SUCCESS,0.5334,0.5334,1,-0.86,1.27,0.0724,-0.86,,,,,adset,R04,C04,A04
2026-06-06,2026-06-06T15:00:07.000Z,Turn Off - OWN RSOC | Total Days = 1 | budget > 35%| ROI < -50%,Turn Off - OWN RSOC | Total Days = 1 | budget_usage_today > 35% | ROI < -50%,Turn OFF,9913405683583663,31308456799365,31289673675660,1.27,1.27,,SUCCESS,0.635,0.635,1,-1.0,1.27,,-1.0,,,,,campaign,R04,C04,A04
2026-06-06,2026-06-06T15:00:07.000Z,Turn Off - OWN RSOC | Total Days = 1 | budget > 35%| ROI < -50%,Turn Off - OWN RSOC | Total Days = 1 | budget_usage_today > 35% | ROI < -50%,Turn OFF,9913405683583663,31292536585348,31216199089003,5.08,5.08,,SUCCESS,1.8796,1.8796,1,-0.56,5.08,0.8325,-0.56,0.1524,0.3175,,,adset,R04,C04,A04
2026-06-06,2026-06-06T15:00:07.000Z,Turn Off - OWN RSOC | Total Days = 1 | budget > 35%| ROI < -50%,Turn Off - OWN RSOC | Total Days = 1 | budget_usage_today > 35% | ROI < -50%,Turn OFF,9913405683583663,31299219133797,31330188352093,5.08,5.08,,SUCCESS,1.9558,1.9558,1,-0.62,5.08,0.736,-0.62,0.127,0.3302,,,adset,R04,C04,A04
2026-06-06,2026-06-06T15:00:07.000Z,Turn Off - OWN RSOC | Total Days = 1 | budget > 35%| ROI < -50%,Turn Off - OWN RSOC | Total Days = 1 | budget_usage_today > 35% | ROI < -50%,Turn OFF,9913405683583663,31321487936035,31288629093063,5.08,5.08,,SUCCESS,1.9685,1.9685,1,-0.79,5.08,0.4102,-0.79,0.2159,0.9906,,,adset,R04,C04,A04
2026-06-06,2026-06-06T14:45:11.000Z,Turn Off - OWN RSOC | Total Days = 1 | budget > 35%| ROI < -50%,Turn Off - OWN RSOC | Total Days = 1 | budget_usage_today > 35% | ROI < -50%,Turn OFF,9913405683583663,31321487936035,31288629093063,5.08,5.08,,SUCCESS,1.9685,1.9685,1,-0.79,5.08,0.4102,-0.79,0.2159,0.9906,,,adset,R04,C04,A04
2026-06-06,2026-06-06T14:45:11.000Z,Turn Off - OWN RSOC | Total Days = 1 | budget > 35%| ROI < -50%,Turn Off - OWN RSOC | Total Days = 1 | budget_usage_today > 35% | ROI < -50%,Turn OFF,9913405683583663,31299219133797,31330188352093,5.08,5.08,,SUCCESS,1.9558,1.9558,1,-0.62,5.08,0.736,-0.62,0.127,0.3302,,,adset,R04,C04,A04
2026-06-06,2026-06-06T14:45:11.000Z,Turn Off - OWN RSOC | Total Days = 1 | budget > 35%| ROI < -50%,Turn Off - OWN RSOC | Total Days = 1 | budget_usage_today > 35% | ROI < -50%,Turn OFF,9913405683583663,31142227961268,31116812256991,5.08,5.08,,SUCCESS,1.7907,1.7907,1,-0.56,5.08,0.7963,-0.56,0.8382,1.7907,,,adset,R04,C04,A04
2026-06-06,2026-06-06T14:45:11.000Z,Turn Off - OWN RSOC | Total Days = 1 | budget > 35%| ROI < -50%,Turn Off - OWN RSOC | Total Days = 1 | budget_usage_today > 35% | ROI < -50%,Turn OFF,9913405683583663,31292536585348,31216199089003,5.08,5.08,,SUCCESS,1.8796,1.8796,1,-0.56,5.08,0.8325,-0.56,0.1524,0.3175,,,adset,R04,C04,A04
2026-06-06,2026-06-06T14:45:11.000Z,Turn Off - OWN RSOC | Total Days = 1 | budget > 35%| ROI < -50%,Turn Off - OWN RSOC | Total Days = 1 | budget_usage_today > 35% | ROI < -50%,Turn OFF,9913405683583663,31294466599404,31178417367403,1.27,1.27,,SUCCESS,0.5334,0.5334,1,-0.86,1.27,0.0724,-0.86,,,,,adset,R04,C04,A04
2026-06-06,2026-06-06T14:45:11.000Z,Turn Off - OWN RSOC | Total Days = 1 | budget > 35%| ROI < -50%,Turn Off - OWN RSOC | Total Days = 1 | budget_usage_today > 35% | ROI < -50%,Turn OFF,9913405683583663,31308456799365,31289673675660,1.27,1.27,,SUCCESS,0.635,0.635,1,-1.0,1.27,,-1.0,,,,,campaign,R04,C04,A04
2026-06-06,2026-06-06T14:30:13.000Z,Turn Off - OWN RSOC | Total Days = 1 | budget > 35%| ROI < -50%,Turn Off - OWN RSOC | Total Days = 1 | budget_usage_today > 35% | ROI < -50%,Turn OFF,9913405683583663,31294466599404,31178417367403,1.27,1.27,,SUCCESS,0.4953,0.4953,1,-1.0,1.27,,-1.0,,,,,adset,R04,C04,A04
2026-06-06,2026-06-06T14:30:13.000Z,Turn Off - OWN RSOC | Total Days = 1 | budget > 35%| ROI < -50%,Turn Off - OWN RSOC | Total Days = 1 | budget_usage_today > 35% | ROI < -50%,Turn OFF,9913405683583663,31299219133797,31330188352093,5.08,5.08,,SUCCESS,1.8415,1.8415,1,-0.6,5.08,0.736,-0.6,0.127,0.3048,,,adset,R04,C04,A04
2026-06-06,2026-06-06T14:30:13.000Z,Turn Off - OWN RSOC | Total Days = 1 | budget > 35%| ROI < -50%,Turn Off - OWN RSOC | Total Days = 1 | budget_usage_today > 35% | ROI < -50%,Turn OFF,9913405683583663,31142227961268,31116812256991,5.08,5.08,,SUCCESS,1.778,1.778,1,-0.55,5.08,0.7963,-0.55,0.8382,1.778,,,adset,R04,C04,A04
2026-06-06,2026-06-06T14:30:13.000Z,Turn Off - OWN RSOC | Total Days = 1 | budget > 35%| ROI < -50%,Turn Off - OWN RSOC | Total Days = 1 | budget_usage_today > 35% | ROI < -50%,Turn OFF,9913405683583663,31321487936035,31288629093063,5.08,5.08,,SUCCESS,1.9431,1.9431,1,-0.79,5.08,0.4102,-0.79,0.2159,0.9779,,,adset,R04,C04,A04
2026-06-06,2026-06-06T14:30:13.000Z,Turn Off - OWN RSOC | Total Days = 1 | budget > 35%| ROI < -50%,Turn Off - OWN RSOC | Total Days = 1 | budget_usage_today > 35% | ROI < -50%,Turn OFF,9913405683583663,31308456799365,31289673675660,1.27,1.27,,SUCCESS,0.5842,0.5842,1,-1.0,1.27,,-1.0,,,,,campaign,R04,C04,A04
2026-06-06,2026-06-06T14:00:09.000Z,Turn Off - OWN RSOC | Total Days = 1 | budget > 35%| ROI < -50%,Turn Off - OWN RSOC | Total Days = 1 | budget_usage_today > 35% | ROI < -50%,Turn OFF,9913405683583663,31317801284239,31552683025843,1.27,1.27,,SUCCESS,0.4826,0.4826,1,-1.0,1.27,,-1.0,,,,,adset,R04,C04,A04
2026-06-06,2026-06-06T14:00:09.000Z,Turn Off - OWN RSOC | Total Days = 1 | budget > 35%| ROI < -50%,Turn Off - OWN RSOC | Total Days = 1 | budget_usage_today > 35% | ROI < -50%,Turn OFF,9913405683583663,31865846984262,31175398867371,1.27,1.27,,SUCCESS,0.4953,0.4953,1,-1.0,1.27,,-1.0,,0.4953,,,adset,R04,C04,A04
2026-06-06,2026-06-06T14:00:09.000Z,Turn Off - OWN RSOC | Total Days = 1 | budget > 35%| ROI < -50%,Turn Off - OWN RSOC | Total Days = 1 | budget_usage_today > 35% | ROI < -50%,Turn OFF,9913405683583663,31262365306746,31901097208362,5.08,5.08,,SUCCESS,1.8415,1.8415,1,-0.58,5.08,0.7722,-0.58,,,,,adset,R04,C04,A04
2026-06-06,2026-06-06T14:00:09.000Z,Turn Off - OWN RSOC | Total Days = 1 | budget > 35%| ROI < -50%,Turn Off - OWN RSOC | Total Days = 1 | budget_usage_today > 35% | ROI < -50%,Turn OFF,9913405683583663,31983993876612,31252413022009,5.08,5.08,,SUCCESS,2.0193,2.0193,1,-0.65,5.08,0.6998,-0.65,0.1905,0.508,,,adset,R04,C04,A04
2026-06-06,2026-06-06T14:00:09.000Z,Turn Off - OWN RSOC | Total Days = 1 | budget > 35%| ROI < -50%,Turn Off - OWN RSOC | Total Days = 1 | budget_usage_today > 35% | ROI < -50%,Turn OFF,9913405683583663,31219697942326,31464379620564,1.27,1.27,,SUCCESS,0.5715,0.5715,1,-1.0,1.27,,-1.0,,,,,adset,R04,C04,A04
2026-06-06,2026-06-06T13:45:12.000Z,Turn Off - OWN RSOC | Total Days = 1 | budget > 35%| ROI < -50%,Turn Off - OWN RSOC | Total Days = 1 | budget_usage_today > 35% | ROI < -50%,Turn OFF,9913405683583663,31317801284239,31552683025843,1.27,1.27,,SUCCESS,0.4826,0.4826,1,-1.0,1.27,,-1.0,,,,,adset,R04,C04,A04
2026-06-06,2026-06-06T13:45:12.000Z,Turn Off - OWN RSOC | Total Days = 1 | budget > 35%| ROI < -50%,Turn Off - OWN RSOC | Total Days = 1 | budget_usage_today > 35% | ROI < -50%,Turn OFF,9913405683583663,31865846984262,31175398867371,1.27,1.27,,SUCCESS,0.4953,0.4953,1,-1.0,1.27,,-1.0,,0.4953,,,adset,R04,C04,A04
2026-06-06,2026-06-06T13:45:12.000Z,Turn Off - OWN RSOC | Total Days = 1 | budget > 35%| ROI < -50%,Turn Off - OWN RSOC | Total Days = 1 | budget_usage_today > 35% | ROI < -50%,Turn OFF,9913405683583663,31983993876612,31252413022009,5.08,5.08,,SUCCESS,2.0193,2.0193,1,-0.65,5.08,0.6998,-0.65,0.1905,0.508,,,adset,R04,C04,A04
2026-06-06,2026-06-06T13:45:12.000Z,Turn Off - OWN RSOC | Total Days = 1 | budget > 35%| ROI < -50%,Turn Off - OWN RSOC | Total Days = 1 | budget_usage_today > 35% | ROI < -50%,Turn OFF,9913405683583663,31262365306746,31901097208362,5.08,5.08,,SUCCESS,1.8415,1.8415,1,-0.58,5.08,0.7722,-0.58,,,,,adset,R04,C04,A04
2026-06-06,2026-06-06T13:45:12.000Z,Turn Off - OWN RSOC | Total Days = 1 | budget > 35%| ROI < -50%,Turn Off - OWN RSOC | Total Days = 1 | budget_usage_today > 35% | ROI < -50%,Turn OFF,9913405683583663,31219697942326,31464379620564,1.27,1.27,,SUCCESS,0.5715,0.5715,1,-1.0,1.27,,-1.0,,,,,adset,R04,C04,A04
2026-06-06,2026-06-06T13:30:15.000Z,Turn Off - OWN RSOC | Total Days = 1 | budget > 35%| ROI < -50%,Turn Off - OWN RSOC | Total Days = 1 | budget_usage_today > 35% | ROI < -50%,Turn OFF,9913405683583663,31865846984262,31175398867371,1.27,1.27,,SUCCESS,0.4699,0.4699,1,-1.0,1.27,,-1.0,,0.4699,,,adset,R04,C04,A04
2026-06-06,2026-06-06T13:30:15.000Z,Turn Off - OWN RSOC | Total Days = 1 | budget > 35%| ROI < -50%,Turn Off - OWN RSOC | Total Days = 1 | budget_usage_today > 35% | ROI < -50%,Turn OFF,9913405683583663,31317801284239,31552683025843,1.27,1.27,,SUCCESS,0.4445,0.4445,1,-1.0,1.27,,-1.0,,,,,adset,R04,C04,A04
2026-06-06,2026-06-06T13:30:15.000Z,Turn Off - OWN RSOC | Total Days = 1 | budget > 35%| ROI < -50%,Turn Off - OWN RSOC | Total Days = 1 | budget_usage_today > 35% | ROI < -50%,Turn OFF,9913405683583663,31219697942326,31464379620564,1.27,1.27,,SUCCESS,0.5461,0.5461,1,-1.0,1.27,,-1.0,,,,,adset,R04,C04,A04
2026-06-06,2026-06-06T13:00:08.000Z,Turn Off - OWN RSOC | Total Days = 1 | budget > 35%| ROI < -50%,Turn Off - OWN RSOC | Total Days = 1 | budget_usage_today > 35% | ROI < -50%,Turn OFF,9913405683583663,31300600597237,31305864608267,1.27,1.27,,SUCCESS,0.5334,0.5334,1,-1.0,1.27,,-1.0,,,,,adset,R04,C04,A04
2026-06-06,2026-06-06T13:00:08.000Z,Turn Off - OWN RSOC | Total Days = 1 | budget > 35%| ROI < -50%,Turn Off - OWN RSOC | Total Days = 1 | budget_usage_today > 35% | ROI < -50%,Turn OFF,9913405683583663,31251301708725,31281400232099,1.27,1.27,,SUCCESS,0.6096,0.6096,1,-1.0,1.27,,-1.0,,,,,adset,R04,C04,A04
2026-06-06,2026-06-06T13:00:08.000Z,Turn Off - OWN RSOC | Total Days = 1 | budget > 35%| ROI < -50%,Turn Off - OWN RSOC | Total Days = 1 | budget_usage_today > 35% | ROI < -50%,Turn OFF,9913405683583663,31181807420827,31309092778835,1.27,1.27,,SUCCESS,0.6731,0.6731,1,-1.0,1.27,,-1.0,,,,,adset,R04,C04,A04
2026-06-06,2026-06-06T12:45:17.000Z,Turn Off - OWN RSOC | Total Days = 1 | budget > 35%| ROI < -50%,Turn Off - OWN RSOC | Total Days = 1 | budget_usage_today > 35% | ROI < -50%,Turn OFF,9913405683583663,31181807420827,31309092778835,1.27,1.27,,SUCCESS,0.6731,0.6731,1,-1.0,1.27,,-1.0,,,,,adset,R04,C04,A04
2026-06-06,2026-06-06T12:45:17.000Z,Turn Off - OWN RSOC | Total Days = 1 | budget > 35%| ROI < -50%,Turn Off - OWN RSOC | Total Days = 1 | budget_usage_today > 35% | ROI < -50%,Turn OFF,9913405683583663,31251301708725,31281400232099,1.27,1.27,,SUCCESS,0.6096,0.6096,1,-1.0,1.27,,-1.0,,,,,adset,R04,C04,A04
2026-06-06,2026-06-06T12:45:17.000Z,Turn Off - OWN RSOC | Total Days = 1 | budget > 35%| ROI < -50%,Turn Off - OWN RSOC | Total Days = 1 | budget_usage_today > 35% | ROI < -50%,Turn OFF,9913405683583663,31300600597237,31305864608267,1.27,1.27,,SUCCESS,0.5334,0.5334,1,-1.0,1.27,,-1.0,,,,,adset,R04,C04,A04
2026-06-06,2026-06-06T12:30:22.000Z,Turn Off - OWN RSOC | Total Days = 1 | budget > 35%| ROI < -50%,Turn Off - OWN RSOC | Total Days = 1 | budget_usage_today > 35% | ROI < -50%,Turn OFF,9913405683583663,31251301708725,31281400232099,1.27,1.27,,SUCCESS,0.6096,0.6096,1,-1.0,1.27,,-1.0,,,,,adset,R04,C04,A04
2026-06-06,2026-06-06T12:30:22.000Z,Turn Off - OWN RSOC | Total Days = 1 | budget > 35%| ROI < -50%,Turn Off - OWN RSOC | Total Days = 1 | budget_usage_today > 35% | ROI < -50%,Turn OFF,9913405683583663,31181807420827,31309092778835,1.27,1.27,,SUCCESS,0.5842,0.5842,1,-1.0,1.27,,-1.0,,,,,adset,R04,C04,A04
2026-06-06,2026-06-06T12:01:18.000Z,Turn Off - OWN RSOC | Total Days = 1 | budget > 35%| ROI < -50%,Turn Off - OWN RSOC | Total Days = 1 | budget_usage_today > 35% | ROI < -50%,Turn OFF,9913405683583663,31259189160504,31278073574534,1.27,1.27,,SUCCESS,0.5461,0.5461,1,-1.0,1.27,,-1.0,,,,,adset,R04,C04,A04
2026-06-06,2026-06-06T11:45:18.000Z,Turn Off - OWN RSOC | Total Days = 1 | budget > 35%| ROI < -50%,Turn Off - OWN RSOC | Total Days = 1 | budget_usage_today > 35% | ROI < -50%,Turn OFF,9913405683583663,31259189160504,31278073574534,1.27,1.27,,SUCCESS,0.5461,0.5461,1,-1.0,1.27,,-1.0,,,,,adset,R04,C04,A04
2026-06-06,2026-06-06T11:00:04.000Z,Turn OFF | Total Days = 4 | OWN RSOC,Turn OFF | Total Days = 4 | OWN RSOC,Turn OFF,9913405683583663,31239079753080,31272738463403,1.27,3.81,,SUCCESS,1.1049,13.3731,4,-1.0,3.81,14.671,0.1,,,12.2682,0.2,adset,R08,C08,A08
2026-06-06,2026-06-06T10:30:08.000Z,Turn OFF | Total Days = 4 | OWN RSOC,Turn OFF | Total Days = 4 | OWN RSOC,Turn OFF,9913405683583663,31239079753080,31272738463403,1.27,3.81,,SUCCESS,1.1049,13.3731,4,-1.0,3.81,14.671,0.1,,,12.2682,0.2,adset,R08,C08,A08
2026-06-06,2026-06-06T05:00:11.000Z,Turn OFF | Total Days = 4 | OWN RSOC,Turn OFF | Total Days = 4 | OWN RSOC,Turn OFF,9913405683583663,31196781349398,31106533753741,3.81,16.51,,SUCCESS,4.5212,22.3393,4,-0.7,9.906,23.8284,0.07,0.3556,1.1303,17.8181,0.26,adset,R08,C08,A08
2026-06-06,2026-06-06T05:00:05.000Z,Budget Decrease | OWN RSOC | ROI <= -50 | Budget <= 65$,Budget Decrease | OWN RSOC | ROI <= -50 | Budget <= 65$,Decrease -40% (min 9),9913405683583663,31196781349398,31106533753741,3.81,16.51,5.9436,"""No budget to change""",4.5212,22.3393,4,-0.7,9.906,23.8284,0.07,0.3556,1.1303,17.8181,0.26,adset,R12,C12,A12
2026-06-06,2026-06-06T04:30:09.000Z,Turn OFF | Total Days = 4 | OWN RSOC,Turn OFF | Total Days = 4 | OWN RSOC,Turn OFF,9913405683583663,31196781349398,31106533753741,3.81,16.51,,SUCCESS,4.4196,22.2377,4,-0.69,16.51,23.8284,0.07,0.3556,1.1049,17.8181,0.26,adset,R08,C08,A08
2026-06-06,2026-06-06T04:30:07.000Z,Budget Decrease | OWN RSOC | ROI <= -50 | Budget <= 65$,Budget Decrease | OWN RSOC | ROI <= -50 | Budget <= 65$,Decrease -40% (min 9),9913405683583663,31196781349398,31106533753741,3.81,16.51,9.906,SUCCESS,4.4196,22.2377,4,-0.69,16.51,23.8284,0.07,0.3556,1.1049,17.8181,0.26,adset,R12,C12,A12
2026-06-06,2026-06-06T04:00:07.000Z,Turn OFF | Total Days = 4 | OWN RSOC,Turn OFF | Total Days = 4 | OWN RSOC,Turn OFF,9913405683583663,31861074850791,31801299793912,1.27,3.81,,SUCCESS,0.8255,8.6614,4,-0.15,3.81,9.2539,0.07,0.3683,0.4191,7.8359,0.09,campaign,R08,C08,A08
2026-06-06,2026-06-06T03:30:17.000Z,Turn OFF | Total Days = 4 | OWN RSOC,Turn OFF | Total Days = 4 | OWN RSOC,Turn OFF,9913405683583663,31861074850791,31801299793912,1.27,3.81,,SUCCESS,0.762,8.5979,4,-0.08,3.81,9.2539,0.08,0.3683,0.381,7.8359,0.09,campaign,R08,C08,A08
2026-06-06,2026-06-06T02:30:14.000Z,Turn Off | OWN RSOC | Total Profit <= -2.5$ | budget_usage_today >= 15%,Turn Off | OWN RSOC | Today_profit <= -1$ | budget_usage_today >= 15%,Turn OFF,9913405683583663,31158877694790,31295770544298,1.27,3.81,,SUCCESS,1.143,3.9624,2,-1.0,3.81,1.9787,-0.5,,,2.8194,-0.3,adset,R05,C05,A05
2026-06-06,2026-06-06T01:00:07.000Z,Turn OFF | Total Days = 4 | OWN RSOC,Turn OFF | Total Days = 4 | OWN RSOC,Turn OFF,9913405683583663,31145892448754,31483846911018,1.27,1.27,,SUCCESS,0.3302,4.4958,4,-1.0,1.27,3.4506,-0.23,,,4.1656,-0.17,adset,R08,C08,A08
2026-06-06,2026-06-06T01:00:07.000Z,Turn OFF | Total Days = 4 | OWN RSOC,Turn OFF | Total Days = 4 | OWN RSOC,Turn OFF,9913405683583663,31319368035107,31241921876100,1.27,3.81,,SUCCESS,0.9017,8.0772,4,-0.01,3.81,7.4079,-0.08,0.0889,0.0889,7.1755,-0.09,adset,R08,C08,A08
